&*KN.4<s|
XAddk7u>B
Hv*hL+F|V
.%r&&U`jg
w{y'8gc(d
ZP58LsP2.
9#Xs.Ybp0
}l)dHOYt'
i5YQ?O+Zh
2v]!*IOjP
@o6RjlS[#
X)>]x<USo
aCH0s?bc-
jdN3*V[GL
q50a$6<JF
qRY>6auP}
kA.{@/3Ay
w%&chJOIU
:UFse{2O8
<eP.!?^fG
I1lq&U)_N
8HP:;6^*?
v71-nQ!r|
{RLEkKyH^
PPkAqa#IL
is^{#!ruz
@fd;|L2F7
y'aWZ2[d9
X0*%kHDj_
9zc.08x&F
KubDSR}kB
%]}Zsmq-J
?-t>UjHbv
g8]Y9a5O:
$Dr*x/V$^
];@D*;`!1
:<72kz]8y
m:s8fkhrs
)M^4$d%Rg
?:nbTyQR1
f+s|~>v;k
6lW->Q3Wh
*h`c^)YAC
kSd`wV@?X
O/Ob7R{fX
_O'2<vnuA
;P^aO:d8c
']'$z6?q?
3J157e3YF
[elV1q4zW
Ud44zP/j{
QS4m`c.%v
Am*Is!BV.
nABnCVGgE
?%{w]6+9f
!6hsRG`$9
i<v(({IkS
IYYx$n?6i
LW0F.h_()
QQ-V|Bxh~
2n@AC2)HO
FINb6AI.L
nA|/]Yx]j
vv-{W]6<2
Tz$6D'?(e
MkE2C;B@/
LzlX+#)Ra
Bmbwg@T[F
a@Hq/fI|0
aW60_LC3'
e!{!vBi?R
U%;P.95<d
Z}L/%Q?:-
MWgW<h]d>
Ql?>/8k*0
EB#r]>a<h
^e@^-L;{-
uwO1$4H$h
c)+Xw|HUv
O/Nd:~NUP
%w~_H5K05
Vu}RIx~Cu
Pn#ETN?iP
S<^{1@p2$
q>?Q2p*s4
'qJCHI.Qv
N;?ugE/52
`cuGMO'Dt
;'.p9|'|H
Se!7VH8'?
d&3`j)g]B
yE/5dE|:5
&@`RNqt-0
!%;9FRI]w
{q2A#|?nf
3W/>2`nX9
-%$xw@u('
EO*D%oW0'
KC.*kd8i3
WjZJ?a1%?
2sb;Yy}W{
8ysh'l+'}
wy'|'0Y9`
++?repaW)
Aigc`:G2V
EN%WkLa<2
lKn<x669{
Z7:BjE4eo
-KUn6KPGk
+0VWF!w2J
aH^qjOFA{
O|gXvn&La
%@3fX?&]}
pMW>x<RWm
h<.EicIPs
fs+go__1#
~jpZtYsAo
Od%}0M';.
|(?tAtz*H
vS<r1IXd3
:y*/fUIsG
D8:B||Iq)
87;B$&)>3
.aR|1@n)>
z`PRA^/?Y
65.u&r0!z
Rs3+Of~Qk
ryIwNz:!^
7y^!sFGR|
lF|llk?}-
%~hRe{hbL
Xq<;iDdC/
XLjvyuRM8
pQ/Wp>kHH
>q|`1k75(
;K|@Qh^g7
QtaMS<M1*
^cN?seh&Q
nUj59E'QY
R*!60^7~6
5t-{x)}`u
#xH>JO_G`
G<7/pQxBp
SOaDh4k?V
75g]D?b6%
O>vLedj*W
^F9>OL|W)
(2_Nf_]'T
P~-6k6:]h
j01_^T]uC
mA+C.`'?]
2P6rv19qa
IU'p]F;#$
ZFS7h&AnV
b-k}VJ|^I
!d_sjeA[U
_GGjvOr<j
t<0l!!4?N
/Ljs>}A<a
h5:lUj{D4
o5MxT-><|
/&A~a:^Kg
sqDvQA(ff
lez23#xT|
5'CRw@BN!
`nh~^`^7L
%V}gV`9F'
aY!4-hnug
c}(BKEW{d
n)zPltnu`
nW;ACY;d[
;a^RJ-NI1
e7c#wj-G!
_BVi}R&hR
lnsJttXIx
gk*yTv6H#
?OBljWc$c
LV%>2g&{8
u@3M<9VJ&
]JO1cL)*}
a5WKh+<s(
Z$mapm6RB
{wjw*Yo7R
e:CE.3y|3
Us;FL*G@:
#&]o*iQ-0
c}<rUO6-!
F!U1ovc)8
*OF[IH$_8
Yiasv5)a<
k`xm2Wk$P
$gKyKj7e/
Kt;%poj~`
/?8%RK$K?
gVI+3HvGM
<('zroR?/
@J]Q4'QDf
^A[]IW+1T
7Yro6od'.
'~Y2.'AT'
(!q!Xl_tn
%`M*f7&V_
2&c~QLN?o
Fch~h{$;u
U7GHugTd$
g(xOpF:A!
vu6vSHlR[
65A7XFG1S
aPa/~%kF{
`.2M0>-X}
tV68@B)i@
_5tLBn)1`
a.Seu1[?-
Wi0jrvE!t
l3J_hvJnH
1e@k@#N0n
vMZ}13j$H
&$4q%G>WV
+8km|4Ea7
tXB<V]?i+
L4HR@<?9D
zDVml91Yu
ah0<_`AZx
Q`%<qX&qt
8lH~eGvbH
B-GJ`UkzI
]Ha{DvI|M
/'|eYkKDc
Ht|J^C#x{
hP4.WxgEE
BB3/k+X]~
+`>4/5_Ga
nU}%a-A!.
<oJ](]rS(
p?Nk(DU[o
3TwZ|Z63T
O!'ar6qa6
-sm-A)Nbb
BQgNXu2l6
6qX)h}0^n
>!0IKKg#2
Ylcz*4F-3
?Z9.5|2Ra
_H|nh[.tb
[(xAtZ&03
^rSJCSs$6
udmV$J0BG
QC$]A0XSo
;G[MqLXgf
UkM^$)%p?
Ndj|(^|Qs
m]s~`FzUK
>s)N*it$o
GHm4qud({
x&B;6C!DE
$$*H~BEky
ERze:qy<f
7U'Fq~g4h
Mp'+{dRBq
'GRd_a&P.
DH&:R;D:3
/-$i~u-HE
;4zPTk*iF
^wz((8JW0
.{X+)/SH7
%hPrU:26D
C|8)y%HA7
407qu}X-6
<O&>:EH9T
vY)8'~DI+
d._grdo4D
wrJ~y`v}S
DDN{pyLOr
m<7Gs~f@[
Z^j#TZqt*
!g0K2{'.L
r61f9(R_V
VFWh;mEed
DGmLJN9Pr
o^@t0]Ol]
d4q]c$|ko
l|p7QVvCu
^g0Xd61b/
F*urGQgy{
{_TQdfE[)
(7ugZ3H/K
}CgNNk)!.
J#q0V0}j{
QFw_#/+<L
ZdF6E5%f(
_471ZANB'
AxWXG!@7H
~3Q{!^J?v
E5fHMs.QY
pyQYk4S]!
05d*?5Cqr
0#*?*}78~
DSG2WPV<Z
'fW)Hme@E
u'Y%PFa}?
Y-@PQ<eX(
MFb'BH++v
yPcrsizx|
6oI'R}iGW
K4P8^:Xai
~qGyC>]]N
31M{PX|aE
}cyGiAA^d
i&G/iA[mZ
r`G<la-!-
spGSHM]'@
NoW?VGyP8
ls8~;MoU4
`+6/`|U:2
{xE>A}mQY
9zxg9CsL4
Clc#BK%p%
#}GNG(WY?
hS`I[*(?&
|@.:_7;-2
QkNKsX)pQ
FtmYLM9+]
;Bq)[P&<'
Z2Rqr-rC[
0.(eW`>c/
j[gG<Q`V6
3Qbpsy+@Q
6ftsDyztC
Wmy'AgBFP
{#u]xxELg
hGWiQa6S#
OW35MN5gC
?cm9PSZf8
d8ifVGbuC
Bkk#ZWSF$
jQZu8C?JR
GPCR7bQ#8
eZ|P2A/b%
FF}ZFrIV0
1kL#ds'CW
X^T-a>c8$
v:o6K!zrO
?>}]$O]wP
3ohToU:Tk
4%S?Eh;p+
LoAAM`~eb
7E6#+lIkF
~`U4C)bni
r&j^l4N5)
^c%DmB*+Q
E4_j'BOv7
4N%G*hT3t
Ma2o<xDJ%
WS~SL{;U7
IudOw21B~
;}%'0?g+y
kO:p:yp3k
qU4?0I`+M
0l9?a5%Js
K.M*x%#Jh
yJ~HeWh/`
]ihz8g~@2
{}@+#OQqI
g@O^/NFLO
gYpp6+Dpf
<o:3RwK#M
)U0rI5{>~
z6o)u~41k
25&;7nRRL
^|Zs$x/E@
*36i0m`2n
s;qz)kjU/
'Fc^;g9C6
f(Uhbv}Bq
n%mvx#-$`
Ga/I-Y]q<
b:Q>OdVz!
F^pa9hMr%
i0Q4Z6cs0
nm6CKh8l'
%wObsCsuz
|@9uqo[SK
aaiw:w4u2
:~v4%1X@X
KL3:x3/lu
jPWAL}V6&
p)9OJvb;J
}Fw~K];uc
_;d4]p/O?
^J43i&$_:
`vU[mP)B*
)?n.0M!7o
R{abuU5t.
`sohZ^HEt
6[*yZG^)+
~&G#BtE_+
$O-cRMD>h
rQ|uS&(5+
//mZeNYJ{
4w@S~jD@p
Xq01i&~gX
wahR)~Tio
K$O>g~RUk
^8oE(xou^
^k<TY{he+
Tz]'6YwFM
k45$}FV_)
3|v&-Y!>|
[</s+Rph}
&zQ]qkAmj
`>*k8R9gk
bCIvaZ*Ze
[UwWamLPp
&@;BfMv7E
&w#5f7~%n
ln_T/HH$#
1m}#+.SL)
w1)BvAuGW
/.!?[q67R
@(:]ow)S-
(U;>Uv/04
'%(GkW!wH
Cv29$$!$%
*)2m?*;Tz
]FO;3FI(q
^Lf'?TY/P
5Tl'iSp@X
N-?tiJoD?
xXe%{FEm5
$XL8Pq'S)
>4KNSw9Px
`R7wHv~;h
>u|4+EaT-
6V(%Z.?BK
cOyDvm8j<
[jzgYeQlM
>jM!NgNSr
!9E:7`lSz
xK;trd^v*
f@<A/TI[f
G`Jl%Qrq3
_jgu#e:1u
FO)F3|1!K
>KI%i^6qV
RW^Y+XASP
V]NDa!?ir
?T-A{mbJq
4#a>/K-cf
F{{]h9n$0
}1W:exDb^
1]dkSy6dz
BMap>dXB>
^XgR[J}v`
xKBLceWUH
@;P!5BG!m
UBr~z;cce
q-`/Rh8D#
[4eS6gnVQ
G5K|W<C9Y
m:~HAB-pK
R:ln-`QmU
!BKWl5A}^
Q.JLF1es|
f6xgr68GM
)ti<wH<ma
FW^#sW6{R
emhyboyG#
WC{nZ|JYj
tu$an(/jX
GR;vEp0(}
&oNIq-dD<
nX;ZkQ($~
(@Inwv3u$
Qn4dG<l6*
XH6sCD?*g
T.9'L4[#t
?2<ioP)ru
*qdGF47>#
$:4#-30mK
97j>Bt>k#
iRLFtaCTJ
NvhSN`]Rv
'LtUrD;q@
L}`p_q45c
zO*N.gfGn
dxj(vw|7H
F}Ub.S$_8
elb7vB?d'
Cn|'K1H|_
^4le5b%'Z
0VObqgg7{
medF9!v|v
RomCkpn{!
x$Y7`<AmI
}+**~]t.-
7&ra`c{?h
-5ZxK';{$
TN8mX;k'S
XT(#tq!3C
^A<m)ICy~
bOt%e{-e&
v{dE_+[Jh
8CU(/>^?N
B.TH7[Ow?
8!rdk^`;Q
|MQ~ZSU*5
xoduf4$so
p9MNI9uCn
TEZYRTV]<
s^(]SRLZ1
F5Pzi7Wn!
RvH)VwK)T
;O6yZPjb/
wamX&sU69
h!WGIhfq*
r/gUdZ}]h
#TWi-)aLU
?(C>NyTQF
7`<7qu5RA
kkv<SEWMW
DEHn9UrBu
8CRI~_kU8
0_fPZ>e$e
_N'ZWN%PV
>)3tj81&y
!&iss84u_
So^3WzjZ&
wSewgYiS8
:.M09kG1&
ew:]j33iv
$RQ-~MXp3
qFO?XSv6t
b1^m^OZ/f
1N^$jJN'!
G>?7S+?vw
$g>DF[!os
0RweZ8zl5
JiAALH0`D
l^VF'E?F7
J!JDl~oNt
[:pvq8b!l
%U?S[e!u:
AGw25W!*E
m/Ug^STJW
;RbcL1syG
0tEM~()4Y
GQ8^lAKDB
@~{^<N7K/
bR*@DlI32
s~Ul)Y.K{
NJzA[6eph
njbWcbQ+}
Oidl_`1@f
iv)K69l4#
}JPjL2Qga
qRN#nmB0M
}Rj5A?~P|
X2ObFnT7s
v&PMk6^4R
[L]qvmVC1
!bAUj7n^n
O}Fz7wkQq
y'5QooC6&
ICS<a_#ZB
L2.55Sf<l
_nD$^y`#c
u*0'^)|;/
O01(z'i*H
1|8py3?J{
O-nY9Kh`@
JTv^1x}*k
mDDil^rSY
@+y5lAe&Z
P!yBd7qlo
ix2E%y`SA
qCyn>s3V@
plU/.3wCf
LDvwFZ57L
*8xV;i:SZ
>g-$<*F[H
B6C|D4Wam
[SY4mduC{
w!d8U.[6s
[Me^u~]?W
}JE+JH?NG
MHNj@uP`[
t#z<.-o9d
[o_I}?(yd
#<@Z>o*xp
emK<s0!wp
ga<O8?]6+
VzWsM`vv+
L{/l}2|z_
8?*E1)Rr2
7oF4C>Npz
a^^{|Ymh:
qdOB8Z@;G
R.$kgsWKh
!v!Lt67Xb
Cr2Epofkw
k*1JFR}Wg
TSi0K>/{F
2v5jxl29>
aKtF'asQB
D/`e)zYqX
pKT_5[UM%
ca}TBU7pI
|2yNIxws<
&cO?U!eaI
Q0NTF*ba:
rv3$%fPd0
kdAzP)&64
uM{%/5mLa
OKrdCeh(l
K!n>akoD>
Q@1U:r*[?
IP{@0C)h`
Fflhp(vuS
Pq?^XS?&_
GcfW{v8WL
)r)9|Sj9A
K84~bk|t{
%6.Ye9eO_
<qBO>-K_V
p]/'qr>j_
E@c*1D{_s
4j.')tD5Q
o3yr5m'8)
h'67M5ll^
nI@A9!_Yr
eIWy-9kLH
^#q`20[A`
z7FyC(z[D
#0efPBS}{
P4X$Mb$~k
/j$T4j3GB
}6+H~}ng%
hYN!S`]Og
OFtEl^'H%
T]mz_aB}K
99gKRE|p'
3sNLXYL9/
UU*DT(G>-
qoN;!3]~)
tNeqak;AG
v'[Cr[rV(
tlua_!;BD
&}Q31e#OY
#Ki`YYlgZ
)Z+A;pJDo
Cc#[h|_EX
8*6}TXr#J
|&.x!Xya.
|i^(nmmk:
{I?AI_/1P
v%26E%Q@5
jo|_J:0PZ
&b[rzP7;.
'gky`Cy[)
)6N]f|#nJ
jQzPqfs!R
Xv@)&@tk0
k`.p^:0`S
^zIT4nh_X
Fj)2sH+Q&
pU1>INQ%:
]r]MZU&'Y
'v8H?n;{F
]raD`x?e1
y[~;ddzP8
NYmWkJO&|
:5R`(NQ/F
9Id4j]Q:5
{EER[|c/E
k*@WVR53I
$qFNoC1.6
:pfM~+5])
jErKu|?pc
h+Oqm02g/
}AtOHOY2&
x%HPm]13i
)YTq%R<r*
d}hly]KNk
zC+S::D_G
x0{ZJC/&d
sW:NTzKE`
3~;&U+L}q
4DysdTTJD
`re8[E`bA
uKoks@3eu
>c;-[Woj?
p6p>u0zp>
kV>:~m1[6
1N.wHsqSW
y)?xU/gH{
LU^E>!Qe>
L+TFSH3uE
&lMmFi9>^
l{c;ueg:t
%ayZiZovu
ArCpg[ga4
cOgE1#.m0
ztBTxq/+F
&Tp<yiz8.
<Y#!bMXmy
g/QAd@7E;
UOY+r-NY.
]L<E`dtSD
/-LYB3c(6
x+|_%Z]_o
3tr'907+9
nSa8&ergl
L4ycu#]h:
}T&LJ6%HC
}Cs7;&D>W
5e|hL'dwA
X<x$XRD7.
K]9w:+X6]
Go8q8RV&(
Lc]/!E*Q!
D;4)tSP/w
w/;-/DTy:
J')VOrzQp
+V3%?h/8H
A0G1hHmNh
E?TN7PP)M
?W:!cyi`p
|gt@fvCPq
qNje8f[@+
_)>)oaE@E
{]FRMu`*g
>[@T``knq
dr?r3jK12
dAle/RtSX
o.w~4B;J?
yH%f_'Y6_
N9'j!&8F9
/p'>nnTxb
lv'l9dqxJ
|G24SdaWz
V`&XgCxIT
a>&FVG<;I
DC6ZAG}Jp
|DX`y(n/B
/x`DUy!8<
5V;EkQak[
sE~;4$_gJ
#Md)*ripy
c<6aF}t;}
N``lUQF6E
qkU~a4L.C
`d-m5Et3k
?hlC;Kc46
&0jPr0$[m
V@}b|G0^T
['GxzolBj
<y5p0!qU9
t`H[VE_zl
<x(g@DnH>
tbcxX!?xR
|t$/t{G`T
2Kui_(&bQ
QFE[cO#c:
G!3d!#Q!~
-VOMC6|7q
4uy^]h:j|
/:R]!rQL[
#.!ZV!J4P
MZb-B8z?T
]G;D.2gfI
A0dtbB?&m
dIMw6fJ1e
f~fi`$yeU
m8SVP]A]t
B$G'>`]@U
:|X;_5C'W
?bx)Q(&s[
!LA)uX27]
q`I9?OREk
~}lb6UYg&
dU**3fv`i
a|;?X>|7i
?w;Az3?1d
duLCeB(@)
!6?@4^VM1
K-*JH}R4v
MlC<s^{BY
|%//J]P>>
c!(uj*J%W
znk<CK>aH
+jlDWM(@e
!%[]88}eB
$TtJV^GiR
B{Ov3Pv+B
n*tFFVy:C
Dg4b4uVNQ
Ju&-c&p6W
V;`DH);bt
%sB3n+c05
Fw!$+X4V#
0gxGoX>@:
Um*$m>5uE
@8!4RRx6j
15F-7gK;{
%;uDlq.GA
!6G1jh?p)
0a:&56H@e
~H5|~0DEI
Y`FYSaO~5
eRC1j~]n7
q#WnNVm1?
WcMSxZ.c`
k27t6AY'E
h?[~NUB1'
0?MGn.'ap
1(j|zJB&4
EkL72z/R)
)}Il#2OSG
ux/gU{#>e
ov>ZLNrX!
RX6cFtm;B
GLn5$|_)`
6l$Y1Z8?!
ar.Qs/.o>
p4.0BbSKP
EWA6:V*81
v@!3wPd5d
FU}-CS/0e
8AaEr'Kl7
5(@]%bkp>
m7'^#:+Oz
aaFYCD|C3
xm##TC0G[
wdt*oW+]Z
M2_MWE+.X
/4w]eP!'2
DUz>W(3m>
<H!)R[C$i
yYJ'h6khf
Vvnv+@1]]
Gt>%sb(f6
e$>P~vDD}
yY?@3W01o
wK2(h'-Wa
yj'{TWabY
%%+2-R2P9
)Wy<!_:?[
u;lZ#z]0k
w;eK?JPeH
c1v?E0PJj
v|)~$a:K_
kutxO<_zj
Y773g<{1w
3R'LHZ~}6
O6DDM^BI`
.4CWK+4{*
K~}PHN?W)
PB.]UH2}|
F]91pR_[@
kCpx_dj'#
k7[PAs500
DZ7v[?7K9
U^~@?s4Kk
8ZSRP1J|C
~wX<ycjwW
>AVPaR+GT
HQ!JO20-5
dG@fh|Zs?
+{pr%O;#Z
tITnhLrWO
DA$zj?JW}
*'+d1JyQ(
Tu!Jq[Ad%
q)%hz:k'T
b0V!/m|CU
hjd8}+cqF
^*Mq0sk)0
Zan5+IG0m
*4udP[*-i
Qn@V|'Nwz
:!hDL@8J{
{@Bej*J@K
Od$H'o/5p
E'JK}Q_/U
Fe%E0E1Sx
5Z>!%{dU@
K|%qkAR.z
pCFker7mx
b4uhO_%vv
RulX9PBww
pWH7WvC%A
va@$TYKB?
q/)|UV@:M
fSKd*Dl7d
<dFi)*u%l
Y|`DT4t1D
yHn-D`m1I
iAC3$:]UL
|I6waaYwQ
IFJS6y@l[
|`sSJ+JAJ
w:o<x5K6$
|sk&*+6cy
PpBT[C.f+
VJEi9:gwk
CTh_EAvJ{
(]ae}T2Dl
ouB3JI&7[
FnFyP5]]r
rc3EuQ_:[
S#%P`UG-r
!Z.n}2ZK|
1]h-z?K2u
YYRVs(:!E
!s}T7g8-~
C9?D'er/R
r~&`QSdW<
$fPFp}RlM
7V-~6@nEf
ds|`nxAUd
{eWKsl1Ab
XpegkzI(#
)iBA#hV(M
uGNzoLXhJ
%;*28^(m6
RoJ7o?stB
'-3({A<e[
2n6b^XBcw
(@B/CY5MK
Oc%T>|#)n
XP5K1}'y^
}P_5v&k3k
TZ-A5AUl1
NkBc_;#k^
(#4V'{lW9
`pKHOv0P#
gq5/)P]lA
@k2i3q7FE
>ET|gYY%&
S6pWxGbfS
i844'[0.3
y-el/0'1T
vVSsD.5@)
<}D|ojraa
:h5ae&/g5
htU!(ZhC/
H4{ZdCzbK
6_H?RkxA~
Lrz.6dJ^r
REP4;O0b[
c8sH'[Rvt
[HuVi(Nn|
J+P*jX+!X
$*j~?uV-o
8hGT{rC/'
H-;vHj|[C
{?%W67oKn
yk{6Aw%X>
/_@'pob/D
k4n|K4M|F
4J)pIIGW^
iqO'<h-sv
.IyC4&tR&
EA3K<G-zL
yrk$p8{xX
F]c[bW`$s
0mh86&nPE
fneFVHX&!
LJ_2GH>.|
K+(aEzP%:
Dl)pGb;*2
K5F#tYVto
4g0[{9vIx
[&5#nOA+?
&;FuPx-Lh
|TN/O?e-$
E6<|h>{5<
5(nd`}It:
t`aIyS(B`
_-|>~)LyD
0Hn6'n&0'
dP1xQQp5J
WtFMk}G^9
H!`+Uv9sC
B.-k59|0O
~C8_k'QB+
A/$Z_L1i/
b;.@#^.~y
1|ZY)L>'!
1';a2!;PP
w_/6Uwb5A
u)mTbHnii
xJ3Y?/$|i
u4ji)TrR2
SrdK#^y(f
_S3ULi~Ad
3{j[mG@;3
^6$EzqAEh
lB&Yw!@:X
V2S%jb}i+
