s;Q=Bf,LJ
g];Ly,f'$
O<Tak{vmC
(Wre-3b}m
ur\3FZxn;
Jm.R0JQgf
H++Qhdt\a
cnDUA|\MT
|UW_|R[tX
a!?!(4To2
Zvg~@:U4]
><8.p1|iQ
V82/,;V7y
?[.x}/sol
QSq?x!s{n
IX=PuAr}q
LLzyw*J/:
mHQJJj-h&
9zfvV]JF{
?<gLI/IiM
WE~={DYI3
D=IlE6aNA
m)}vK9{8{
j~m5G[g8i
SEu?+W|m6
h8q9%{N)-
h3Q$wem_K
l=T;jUvDi
F9\p[XlEx
ey%.!YWn(
y+o%L)K8%
cD2rr1a#7
<z7PPBoh5
LgK^ElurR
\OE2M*swo
n,US[@OH+
ouNCIZ1.t
~o5&(=3&Y
GrAcxjL*<
YZl.ON?`,
]=&}#*p+Q
nP*S3S}D_
]HkS+}]LT
pw[8jed,W
gp'|YHbI(
Yi!m~H!ys
?S&4&ZRkq
nJ/?J6_3*
@5~5i)+]<
NItJfKeSy
4w@W^etUj
a/q__:0|T
YsSyzJ3BL
,]{%ckb&\
<H#Kk3we!
B,p[gc*xj
biH;nZCIL
:8+}n8]{\
I9X8{c1$?
;$=:&p-'I
eTC?w<4{4
wIxHE{{w0
'\9EvbxJ'
+*sTF3p<L
\ott1?d`q
,.ug=Hsu9
/w=d4:]6%
L,l_zm.Te
@ilEsukI6
:L7{q6rJe
yS0$\,[('
pz8rMHH\;
/~2<#TESX
CY$y@`xkV
L{i\f\?j'
qb?&;5jVq
r0B>eVZ;^
~8#J+|mzn
i/:C'yPsh
Dy9[!gf[X
EdW]FRaN8
{|01't*Z~
t[n^P5K=F
]G^#;CQ$6
mhb7iGJ]_
b<tQ$CY$z
icDc:o_CS
\1?b)yd5O
8VFj/|)lH
*(Gjr=6mb
8y8>J7DUA
yjpfko]-q
acI\:[lQ_
T|^Kre^!U
]p+-%CsJ3
qq0us6}}>
}%/$]\P/d
PqVQSOcX[
JLasaZ8,!
(xTRrVY5T
