Y|>c7(Z#3
k9g>ZhRxi
nO=z'&jM(
5+ig[9fld
@EtfYL4:p
^JP/Cz+6F
GC=E8^~0?
Qvc1h=H:1
3/q6z}6YY
}Rb1w4}W)
T(aJjT.ek
kIGm4h-~'
HN_3_wb.N
p^n]$U{S{
D[}Gp(w)c
cJejlJW0F
}31(N}Dio
;/IVIRBrf
;fn<GcXnZ
^+fWvD>z~
?Aqpu%qE%
ct_X2$2Z3
WDg=@@(J~
1ocDTp>b/
fyU=tf]mE
!&cCu6i*m
iK~{6:tRQ
x$031$5|9
fE=KiFDpg
hxr1TNaX3
p4X'IDW(Q
]Pd]YbI|4
h|VQm#5S@
@VB!/aI|A
]%AAZvI)C
h`$HMeN6t
B!Y$S!$AC
w^#(PEIv6
ZrU;1mS()
BZzYfsCZ_
]^*S.Pr(t
-Y#4bxY^#
Qr_-xC!4a
~&J0VefiX
{2J:}t}DR
|-ZS&v;iA
8!N:/vql?
o9et^hY_)
=u1q!Zqz3
g>)F=H%E6
)YM7D(zP9
@Q3'rwF|K
A9X5#l-~q
uZW2R5Yo8
s$r2ukKA2
=)TQB@2sr
U8P;-[`p:
Y%|Kyt3M[
DB~{leiEL
9u:0A_J8k
UCK|l$!S$
dE!{ug6=a
s81xgi<T}
qV{SbF!in
aG|*r-r;|
SsiMr/~/4
U:a^aLD@M
r<$7M<yz!
CVLu]5Yx!
?b0=)+ga@
e(/=74Z{G
[OAAFnD|]
sEd^FZUgI
SO^{l)qKq
ILSPTeB9x
b#y)q*4uX
*D?l!q_($
Oh}F@7+ft
8;vz#D$h5
Aj:2ohiJF
5XiJ51SiK
ep^VK]-*P
ACF5.xUt8
rmq&-hE#}
YW*f@_Acc
LROi|]|'B
Rh2HU1!+{
M;El/`GHM
v`z<S;{^J
e0comifu9
@2yvUeBHU
-P-KHA>]h
9T;K;TBNs
f:9_Gi<]e
:|Qkai:en
;jPS4Hkb5
_^H6x1j{.
l#<CH>aT&
=A<pVz+T`
-R@sQM4c<
%KynJ5J{s
Mw#j`Z)}J
cCfQV4:?;
%?<@rl!Xg
IQyP-TQB[
U'Ifl43:G
Lm`'w<29!
L3MihF3Bq
e_;Tdp_};
;w;jOti|Y
;?wB6'9(0
]JZ]p5U/x
W{OfqT-wX
iiRuB}44i
nj{1nT8O1
b{*_w@V33
XtWp@!93'
]I&e;SL]i
ejye1?':[
Y<|#?4/)6
]rfp[YPwo
s~T4o5536
+T8?pwT`u
zJDeZ&{]?
s=!4lU)i$
ug1LB]?M{
[`#er}.q_
r&9O<]I&#
Jcd;q`H_:
H[9HKN%KI
nR?(!AV*d
AjE6=9PcB
%HcfxKbUO
=0MP>k6D7
;J(]]DG~Z
[~S(SN`8A
iSuNwV`:C
P=M}`>8F`
F>Tn%KMh[
h9uoGOo;5
AzI1Seb'1
9nO_]a=si
(D^d*!_tR
Qk[!xcjy5
Zo%xSC91P
y'2'<Z<|k
OWZdHN0~2
Mth6ae2QE
b>Eq*QCPJ
YR&8%zPwl
]_2|iLwPs
/FE<ibWPE
2Wj$`&-PT
|509h;T|K
ei!1dW[Y?
(6M>})G#<
q57fUgbuL
U[YVA'5}-
osw@O>F#g
`&RHjP`-_
ZeVok}A0K
{[twSK0Wh
1fMB:00#7
S3;Nj)Db&
sFh@m/yj.
Cv6{4d}zN
dZ:w=.TO`
6>pjXQ}}N
WR!HB}VCv
~5^.2p`q6
;&8YRaw66
`_OgH@)%t
#(2pn`c!W
6c%q#B9<c
+Y|{GqcT`
;G6$2]0:h
2&55OJt0n
uJ^Evpb_@
q=`Jv:XFZ
78j.anfy4
KT^oB=-GK
%(@9CQabu
=}Az!rJf!
vq:<.=B!n
Vi~Ch:'U`
7HyGU!I&}
R<Y:6Nw3Z
AhOkS(?EO
`_8mcaQ+5
|~2nh_RE]
@wY>d7.4M
qGvydI~BR
~PCj@`OL%
#|iO>wY~j
6`}|&q.(2
mcmg#Ou=V
]nEP>9BBu
;s#K}W_EP
bz){-.>Qi
LM*~#?D'X
0`@y[pt[@
/;cb#a}Tf
/^1LzOd&V
r<6y/-z1F
|:2wx{@O6
1_zmyb&i/
Ev0J'3f_=
]?v{Rr]AF
?-o=oktH|
vl8v_kpMY
qimU0a|*'
=zRtjFSyp
6%qn6I+Q^
2kC4P11pa
*PpJ2Anbf
u|E+YNkP'
Mp^@xMyDF
8i7kIRY=a
tm(X8WbxF
r&yHxp^ak
g6>ajQ+_w
M>]3]q:A<
?&@`[%JIL
6q6GZuaI<
@G@J`u~&4
[;hKk7zm]
d2{JQ<9cL
3'2j8J-W@
;l'`-ad[`
;o64SW;Wp
~&`X:8Xg>
nB1:8Z5]u
%]%-#&xZ4
p=V'3;Nb)
-j:CUwwWs
}p7#Vbs+%
E5/MYC@}M
LuINtdnMr
Z^A}rXxje
?ekj'QJ[.
IqkmUo{.S
[s(7/YD`I
_|__uO'mj
w3r%T4E%A
+q]NaB2.z
2qLo2/.(F
g`ihk&bNh
_1wyW|[vq
tVmC^-h]#
'YS2}'c}j
<!9#WkZI#
xnp^#pOz%
9>a#lf^hm
_E?bThd<=
8rfKGHWT|
1BkJUF|q$
p:!ne`Qe?
5KXb[4Pf`
gktTqR[aj
OA6&+vUTy
9iU/e^5n9
Z2n`MA3G<
G*K>2z0)H
MsTQNl3LE
r3H{YJ9w|
JKmOGFoJz
m`rD(}t`u
|N!AL8WoY
ctOKvUTvZ
orKvCBk?F
$Zp*;_HHO
U#1inPrJf
:fJaSzfps
Y0Dx?X(ei
v^'Yea;{7
fx!8a.rDz
Jj-iWIw6z
I9Y/@;g-G
z{fsPVk:|
Z4]BYI]K!
cP*0a$a&;
S8_Czo$S&
l#}DTUc;k
EN18k(=gk
s5>W='fI-
|&8KH~[/@
9!Gh|Y=Eo
Ay:/S}MI)
<cBAn8(hW
l4KUKU+*.
aD%ma7Y;n
pbx3cMXVj
OS-.hl_'&
++=fK{s;`
C&%xdMmWN
_F.IuwBv;
2-k!mbfz4
;C5B+eG@#
l*KXOnQ`1
Wd[-4oO#P
Ac4tTPSvP
)Zaty{d2U
CX%YdJoUc
>A:)a~6a/
}85Wp[oqJ
c{=<4w&&=
CI[?3EeqR
t>(SLC1:`
=5|uXAqlh
B36>bQ{Y5
T:$CP`_|x
Sc4;RpZ@<
3W@a[aFQS
lR9Vi8=.2
X(%6ER&^)
R8]W($VS;
tIY:$H8@q
~Fsxt5;+P
@4yJ+O%6K
k37nTr56e
El]qi{lZ6
%q8_-1^LE
H(=Nvn*3J
|T7CFebMH
:W)Zm|17[
fA1.m|>*l
|4c|sC+RM
-g!u9Yimj
L_wD{+E4L
d.>0y5@m~
[X?KekDtv
qfhDHW9i.
0-c?M7<GT
41q1<Dr[d
*tcSo'~I&
c+iZ9]Mt]
$iVQ:/By?
JxOy8Fxp8
i;hZ>O{A8
1M6gPdu:X
su2U9([T;
s_<6P%2TQ
k^PzwoyN^
mivrMp<(^
?W@)/|_OW
s~Uva?oX4
|g-$z:)p?
+1gU'96g`
3S)^a:tn?
oAPY5|(IL
*KYi7sn``
dx7CF0MkE
7m7xY`vie
'2[ds8;$B
3aKX^^.tF
1]&!9FS_7
VAgE}fliv
aN@ud(&H?
eD(gI4Voj
F`4)wf[DS
LIUw^|&^z
t]7q-_vi}
s&uYrjqxn
$xtddNG0m
</4B@0oWN
=&*m%wgiq
yoBk7JNQ=
z6u{mfrX{
!.4nz|]83
~ar5t-x?v
4}&Gp9<_5
4tSGNt6+7
0F#:IES3a
!j#ExRG8#
z~~E9l]k~
6/2]Eb+6x
lkVUU1DxA
^e#4hdwve
-)~$$M|Z^
ta.Y]k;8`
(6-ey7EgD
xX+_Ga=z-
lUzu0O1W_
AxR_j-:y7
['ZTXCB&L
EpT@/C+]Q
%xjH?;m_W
54s8Gpsdy
AH[^I&=)a
Sa]L1dx%B
<)i$;P^>!
q&z5`awK3
ctAG1D@[A
1X'gMUCB)
SGCSf8|*?
Em~;]'ntI
MjZ(Hxipa
1^aq*]337
<_Cy'n(RZ
xC4jA87S#
]hZA-OW.S
j[na42.Xg
0=w4%MO3%
[/$fqu[42
C#`=eI;#7
SUt-m/Qq#
@qAR2]Tzd
?3|VI9WHw
;uLz{dO;U
nw$<TXD/*
'd-dS&Q&2
O`Z.T~HDU
PW2c0d<rW
[p@QH~=aa
RxlB{DDV}
X2|EFmSvW
5>1_d5I!:
/r2+_nR-B
O5;=8V=I5
[Jt%:(zKL
}8x9Np)Qb
Xg#''(zDQ
g.)Ko;R:Z
4UGjNc/55
II*z_Of7K
W8@F7yotJ
>1mw`#dOT
cczhuCp)v
TdV8m`Cy*
{[jvFn&Ra
_$''/I[J>
fYYUxhIc1
e}J3be=%m
dTvQ%4Y$N
UXJ%HH3.B
*]qar)5m)
<yeUXD'&!
n/WU'a`L<
lski^$qR2
<8u~O{P<.
`oTO'WK/+
|)5zg(~uF
#W'1<d1:;
moZ(l.E5]
z5hHXPBG[
[VF:q8K*x
vv_qwjC!O
h1-@/gX!)
AZIyJ2|fn
Ed/?B|cvz
!}0Q.F++U
t_q8!K?#e
$91UbsN5E
wtl5O7GBR
vKxbDf}'R
B{_lShv}Z
C[;WbPe47
M{77e^vQk
ucRSj+u<&
Z){;Lv;PO
k<k4?fsb}
Z_atjp{%/
z(PE*b4'7
bc[!@dLm!
4m(#N}!l[
9NxYD'O[z
iG]HTF2?k
_DpPw~>p^
s'[en?.[;
{@we0x[;7
^LR0R2/v)
o!&t!vi>$
#5I6-;pee
9XNU_6:e6
@=QDQ`Iei
kPlwr;g>>
FDIvA8|qC
^.-xnv(Kr
Qj[}Rg/|Z
r;a?Kk[DO
^$Au]*yx>
Lz(=:O1Zd
!M'eZA;xn
:{)Y{lTIr
k(*09P9U/
B|:/8YTmA
TuS%zuZM.
/M-~Gp`lS
*@!kg..Y*
iU6'HKpdr
|>>+P'GYc
9J8#/|D@h
%TN*`RL*A
T_{%/:to?
T`'E9za@1
MP${Ve$3S
'T^U-AT^w
iwzD$bY@f
@OA8Jad5G
qE|ianIUv
^?8kV}iwb
ugtE-RF+S
-r*3k=?Ay
Jo~?PNp'q
yzWm{eXBB
?q5s5WnF=
'G^T]kOgR
@re-e6X;`
qdq'l)93?
~|X%*-}O-
D}o73Hj7|
:t5;)3?;[
mJ<Sn<*VN
*YmQ.kH:5
lZ:qX-6_%
BB[/^{_vw
hn*MUWK~b
yC-_0-M64
L=S/zFylb
wW-4A'^wY
9<d|^.AkJ
X6sHw['Fs
BM))I+LXY
/t0.;o5`;
Dt5xw;*HT
0[:7Ii.+.
5:!ma-~Jw
`Afn^0dc^
P/:sV3LHh
7bQxeVnA<
F}KRI)CPu
7p>lwr5;g
T0>)ed+w=
x4}sj)#0~
e:_T@W[N>
zbHbS^%]q
=jmeid41B
^-pQ;3${r
+B/pBm;vB
=-e?ZP&cQ
8bmHp/VbU
AOINN!8[2
A!#F')]B[
H>RvTqjbW
h00>oQ-1h
HnvAOT__:
Z7.''9x/?
l@/h;N-At
bpde9M(:X
m@!FdP4uQ
iZ5YBNrmb
rm%8${!Hi
k=07hK_i+
(n6/JIVdX
xnVCQkH'_
IJV+@4CDE
vHa50I|F3
=xR|&7UZK
K4D}^S}Je
LP-%hMhtY
1oFAp!l{3
gN3MSM8rg
vq1$$e}!D
3KOr|GHAR
w|peQR7>{
aO]+lN9*`
d^P)NdpR5
R/GSWu{@[
qvL=EmI5`
ETqxd+iQj
v(dg3mSvO
S@tX51zuX
'g`et13S@
eZZ99MDMh
D6U#RO?}e
5V~&+C0EX
3TCXQRJrT
yIUdQsrj/
?k!kIlY?8
kb5hEnve.
)W|>vV<lO
RUppen>NX
6a2FW|dZY
Vbwt-}%Y[
O#IHn*2>~
sibQk9a'4
CA{.Z^#hs
'z@l;@b+5
g*+[Hj-9u
<BoyNe<5>
zi[&:p5_W
uZ*r]Yi|{
d+w+DB[(p
V'4y59d;Z
r(`NpW{nu
b#(D!YK*l
}/CngbhqQ
A%(^!-s>I
KzHa[2Yzf
bPhwqxqJR
gzASY5*8*
i=WoR7Zrm
]{5lK$[~H
l442D|^|3
x;d#3B8xt
gAJ!FSv1@
lw4oK_HzL
GBDcUKg-Z
kl)LR0*6)
)fP:Y-MO5
XKefq8y-6
]j/Ew@z%;
yu<]2qH}n
_`$*8_9)7
.;YR^6l=M
KQtp9s(<N
^s2S1-:*#
8(HeM@s<R
SC83SJVd;
u0vdvK3&h
H1Y}aW?<:
?U`o&i44!
C~g~S?@2(
`q?Wls&KW
3O$2+K`}+
+%9[boIf2
K*A4mL9QM
Mf5{Q/@w)
pq{Lc!(}r
K?D`CL6('
|!sk$.m$b
hkp'A#sUB
VK]f<-xx/
Cy5%[4IDW
8qJ.5n;#u
^h+:=(fdF
9edBm2G/2
)@(w!j+ou
gFVc4>U~O
p4kKH(+|]
ycwU^Aof^
!U.>(qa6<
m@T6?r1VE
_{!WGXkDk
Syh*ZM-en
YpBk4?{PL
@Wn^U7^1`
e-w}CjLo;
D%;eeQ2hS
D>]~<b/u7
K)>@A=pQR
G6hL$)m]7
`>&lJwa<1
H70;<0[{T
0Ly>MT|^#
0(Jou%f]}
F5U[Dnz.f
p=b5?OPRw
S+U$yDmtb
lfoGm>@jj
Eip%4*GTx
4Z~(IxNJt
Y'g^Ha:Q}
t*@*6)bZk
.y]aSs}K`
9+:+Vm}-`
c:U6q%+y%
)Zw:o|.BG
(upY6wNvz
3:uW4d6Q(
ftdYe//Qz
(VKJ3h6pn
OrKYZ7hj?
@gY?($9ti
caHku@L$Z
/:A{+rsJO
'r[g'^[p#
`#mo|QX?@
GkVN9?$o*
5eW1B~7wx
)M}!wZU9W
IK+@eS?qN
MZ3Ucd*9H
%jl}($GQQ
~W+`NRG1g
9kN?C//P4
Y<cF4v[_7
Wu7]]t9Ia
9R4ifaAw[
HVkq1z*Kg
~[DjRLD86
U*b2$!$rB
N|(AAvJ88
Yh%mo7;N6
~?UJ^-wnR
Y~R`o<R*<
T.*Bphlc8
KuF~@^1j5
C0/{Z<c6y
Yu&_x]_b3
l<']GaT0K
?Ao?hS;'0
a6I;|s0BI
X-<XQ&=6Z
CBDn!HzPO
<=A~.&az_
o8H`MN>m]
ZCp]_p%7J
LzWdR%D|'
+eFgMY}VI
r0/_eImU*
(q*D!Jm>r
d$uxFQ*j8
>^>2'EM2Y
8<J<m<GaA
jX14D4{wI
JA>E^~jAb
[-HD3q=}j
wCIyae)}B
>g9A!cE7D
@G/~z*ldw
<1j/=DATD
'g@TBn'^U
7d|k?fDpi
EPr0ls8_z
.d*DI~u%;
rcRsF8TI=
&Ew1sp$IT
ItTeX&2W6
qM=lUsb<:
Z8!rtn>w*
T)ez=@YK!
+Qgu?dMz6
ohmg6?ka+
y$L0$AmJS
GTH$K|cmd
l4h]#3V+4
kZgU?(9}/
'w-Uz}>pB
]QOm@J.Oh
X2^1PTq}l
Y@mD_GlW7
#:^yr$Y&2
bG(Qdv_vd
LkF1?8<]t
`8T>Ir==K
?MS*&kz9Z
UWX4oKrh|
53EzA8oJ5
LWBLnj<YA
$}Pi:*ucF
tvY''x84.
FXoM'yPt_
R>Zgpp84+
A<l.:7k/V
[h0f4Ebo+
*Tc;-SwC1
yo#F|AFcJ
<!OQKv4]}
GWz^j)ns:
CU:LW>}wH
)p'S(K]uq
u^_I7NJ(3
lE'(/R&2%
d{<z~O<1w
~%V4=NIy7
^]Fx`xf4g
;yRNgY]$b
Y66eO=.`d
yiwfDie9&
KjP<zC!*v
)?f(i):R<
B&Wzj=qW9
]|%lZ&N%9
$XmbDBr3D
*|wA^FKy'
N$0{9i_;K
fbm1N!`xL
DK-nYzR9[
O6Uv6Z8(V
}}W=K{EVk
cs$IG|Eg3
o~_WE5h(i
:e(rp4eDJ
FBN@h0)x(
0anWOt*5b
}xm~(xm&i
lit$)DTnC
#hk76'<6'
S9wso_'jt
Xm_uS>'/n
ewHx9>6[f
+lR?B^skm
K7k51>/x0
0J++.Jx`<
dl?L;NjWR
i%NC1X^m~
MWIp_D-Hq
u4!Pckx^a
#XObBQ^D_
Nl%I.idA_
=2Ug1WkDT
YQmKMdOSh
c+f%3dY}R
KOBfRz.%&
M%).q)B%j
f09^_+ER^
rl?+Zu#ZU
/9+.&U2f:
ErQL&uufI
+?*d^0*4X
hu=?W~h|O
Zb[G{12Cl
dYB4F[k:G
hs`O|0eGn
`K23?lkfV
M}y]X-&k(
`>5@Cf|4m
|!qv^*3(W
V5=@>LD0M
NWi?nx7-8
2Gb*Np5f`
nmH[Y8gsK
I.X[vT|bK
k`-[-prN^
H}`m`6#Lx
X&]/>zc#E
M7>(!w)J7
0echu7J;(
kmPN_~lFd
_M+eIx4pX
7J~YHk0j#
F+*teHOSw
ruWlGa^kZ
Z0)Flc}r}
K{^NT1uZf
/6j-_PZ6H
vGR=a45LU
>eNi2oLnX
o3Mq/iEhe
LA^2A:X1t
me']$j}e@
'Pt4m5wt9
=1uqC-YI+
q>Nx6Q[p|
cLvnBLZ%d
UeCifT?H6
}Xq&=G7?s
DjZw;Afw6
=VdM^:pPE
nC0<F)$YF
QF&z1em&#
lX{;Bg!r^
t>g1MY~q:
k[I8c4-*M
!JX4Wnu]9
@2gu]FqE8
<pWIV_]d1
?a-c`}w1b
pHymzhv!s
8]ivlGx+H
L|-t$B!q-
O-712t~vC
SrAU?;YAu
ug5V8.R<?
KhzT1!QFX
w)t1B8CVn
L0wnrsBk4
+ks(Gi]ll
%O{h./}K]
aa9c@MTiI
V`:B;zq_f
3=@/jQ8G_
P/6]}vX?{
U#Cx)H9)O
HZrb8vx7t
w`aSb}[}k
ju9?:]'>N
F)7bm/Op<
LHPfx!z!z
*S'y]366^
oT)4~`aCk
~A:RiLx7*
J{TWA^jWl
~!1Fg~17A
JN3X_BI9C
_fKs43~Gm
Cs0Y5DfYv
+Vr|^a0)o
&T|vDvu9n
!Z?XMW$WC
h)1@&#eaz
{ez|Zd%U?
9MGRfPyR*
Sbt]7:=9g
P3YZe|{>t
K<>Sy<L;N
wRh/1W=HF
xQW&<B-&x
4wN/b^0M2
mL+&UJ&PH
|p1P7/Gkv
jV`KCFA@?
KuU&ZSF#x
S0C&I|#ib
#uyhS/:[F
mnIBlTH;r
U<AZrx.`6
5kX`51^1C
_q?LFod0f
^[?Vr37}>
>.o#=F1Ot
_(CXk/dOU
68EkC[T.k
w#?sz5J;%
/6P#pCexO
-Sst$qO|r
!7/nShIC)
:9H;[!:EI
S@bY;Ee;@
H&8/=SOL3
BERGKLnp-
8qLOiSB)E
Axe$CG:i4
@x1:E1}-a
PI}0`pu3(
5%2Z5w4no
ptC=X|-Zb
UcIf/+}VV
6+94SPU)L
/KPF@C#im
_Zz'E/st4
(xE?nJ]-^
9}8A?Q([)
*^+mslg3&
4IDIjt'}F
D)M=;SPNg
P1C6q+2+P
`2cu@mQ!b
%J:4^$M[?
|JFI2+]IY
WyXQo/G^G
]mOIpP/$a
+X%G+x7Jj
|n]c;$R0&
~!JU:8D=(
NrO;[{I*G
c#*n:>/l8
^u/.JYt{{
-rT6.5@mV
utzxj8gXs
<F;a~Dol.
*S8`3mCCH
acEF]ChCR
Bf!@/3mh~
DH[5m[ik[
ol/(32=[y
5l%Q:h@UN
~CwHq{:.6
50M`vtcH3
I<)V^l6~<
c{D9z-uVL
_nx8euv$a
-Cnr(t[8T
9X:[j#6_@
+SmMQ>wm+
:Jx8kvgo~
C{2<KQOgE
zY*T#]`#+
A^KQUz#|k
*>P!)}6TE
GcDzOzVOL
6%o_Vr:Al
t9uV1}F(q
SwcP%-<P`
z%mxL7`J2
BZU@>Xd{3
(;'ck2Ho?
_%ekD<_i;
=dXl'!ug}
zuR1z1M/}
E..y-%W6j
tlR/^ytYH
a-1BGw=K5
k@@@8`@V.
UJsR<0U0v
JOgYY6q^h
]%n$kG0mO
kl|(Q'Y~E
6W|N]P83I
iPTaa]<-W
&xEs~+T.?
1GT8h3q]Y
y=.CErgyr
y5[wGAiQ$
%btZ}sXmU
gA7aktibY
X&SXH:'[F
PKz9t$&Jw
n9o}cB:DT
