Jjoz8:vM;
0q89#xU/k
ok%qws17?
:`i8kJ($)
9[m(_m)(j
iK_!yc<D8
8;h5>LuQz
cct+18kF%
)WgR^qWoE
U]XaxLQfL
-B/3(*kiL
%ppHe8!GI
7?-~<9:f3
[8}5GV9m(
zL}&*-|2N
)u2/)xyao
sd1BC[Qc^
p`z#IG3+@
8&jwem3=i
;Sk;aW7lx
_3'O{MoO=
d%^c`%-@?
Sxvdn>JX|
V}nx:5K&9
<VV~;nwG-
T+i}0I}n3
<=8C@Rq6z
F#Qqv]EX{
O3!#N{bjw
5.^YK[NDb
/u+5Sw@Wy
EjFq#7;5P
]32l|9c/P
$wr-98M34
[.j`op`}l
qD6LhCVhC
gI8EH^L/:
EK~!**z!Y
$U1jdB%+X
S&%0T>!0L
b8fqij3f?
t=n>_J6mJ
6~/@s-yjr
5<N)~^X(P
+O458C([d
{$o]$OhcQ
BqnfZaJ3^
=$gz5g!Ja
s~zzkpR8{
V6ht%@Vo8
;=EQvYFI.
o:p}OeIB2
R2C{k*UoA
Ly47|!9P3
6X*7o!/_X
h/^Fk]Ip^
;Vx@%<+ir
9e/j]2.WB
%zY#(rk<-
$m/|}RXUp
X)Fo;rjXH
9:2+434:5
A%RUU#yIE
)0og^sP8s
V6KG(Tm#s
/y:05:?Fa
xj_W91Vg$
90-c.o0@e
b:V@@Q.f)
IO%r[ul*X
ZzR%BkfsN
-wTUol}W{
oV6+Su<UR
qU+-n3g0_
Z*/7'<lD?
)(}s:wz:z
8FY(GLXW&
*vJXA266?
UGKjp86E~
Gdoh;pHCr
J![Nx5Sv1
vR%j@;1Qk
`%d#MSdil
1J.^pQS@)
gRz!iAEem
z0mH@B?h}
+K%J]65-B
IL#)!Hq~q
Ki8eu6zu;
aDaj5xbOF
o[2cR2!g@
(M6o^`wj.
W]{`3cUb%
%HA6qeNCI
S!;n#LN.5
JJjC'z1F#
XzWK.ChD!
|d)j8NAX3
OT`)!x3@b
C-}`9Z>do
`2;0H%'iE
'QlV8y;j;
VV8#=zX@a
ctJ3;JbG:
]o8yq79Ax
h?Tv1Er$/
hEBZ:[&IO
%UNC{CRR*
xfVhGkJc~
-WAQNZ|O:
vv5T&v(xK
K8L5_Q~hv
K.<lTZf|w
M(19eRf|e
TBT6lCp'w
^L&'Qa8>v
ebE0|}3VT
~sjgMBZRS
Qr|QvzsL|
>PRvF0P>]
G?(uD2g;s
XtRw7w4l]
N0]X;x$dk
[e+==54F7
X/Z[??1+^
X)Su|6RCo
lEIsz(`u.
_7z=ttBs?
]j<BnyFHJ
q*@4Ce47/
zbfEtLCO:
#A'Dg-KK[
/%IGDQ$4j
+z=$S)?#X
+{aK7BykR
I'dXT]>^)
fzI]OnuWw
=c&5SNgP2
Jq2KDM1-.
K5xW;k{p(
`Goeg+P:*
dZeN8Qdq@
>]tL4IcuY
E1XY0r>L}
)GLj4B/7:
#?WM>/16b
h5ak~/y_X
TPC{zg])7
*$cyOXF}g
}9VK'_0Q.
1zFy/6@|:
<@>mxF~#n
sNuUTj(2H
5:zz+>i-.
639H%upH2
o'z`{J-WQ
O!I^4?m9$
V$gj|8?cr
I[lFUx4;Z
5`nr62P><
78s&MkDdn
|}OyN^i/c
b2T.F<gvU
NBH#XS=8r
raM6t.)71
U('#&u{EY
m<}UJZ*#[
Fs[Dn3.l.
M.Q)zeS'Y
;7NKEh]<c
V|=rE!|*n
:IP_v?RtK
DL;!<)w~I
D8pTZd4A{
qB|+!ur1E
#Rx/dN5<k
0.j5)CrcH
}Bx>cOF2f
>:wvX/FoL
Q_J1'{8me
ga.a?K)zO
CS5)eCoU_
8CaMf=9XF
X-Wy}a3Lf
LOEoc{$Tf
LT[b&y;`?
nS1$ajFq?
LVvo5yFJj
Nn*S2YwmP
!:U7j@T=+
E|Dm2(w}@
TYHx-2{l*
N]hid;4To
/y7g`tWhW
?>-4$#s(.
Y9Y0l1?BC
1>d8:Bi07
g>-Bn`tfw
HUrqn9+2G
6TgCHh!Ky
:wVYBR+Ap
7f-Rk{mMT
z8^`8!od$
W:1AgUY;X
.fWS^L}f.
9a$6YIc7s
b9JZ&&wd@
6NkKJJcY9
RkR^N]0+_
Vy4!D%Gy#
]]ys3F6E5
0T#=nK^^Q
7|!?EKKO;
;s^0cs'G_
Wn[~c?QW}
`x|Sq^MA}
800}/_#40
9UHWY!St^
MCe_2sU#k
%a}S3l/8[
b5nJB2CTw
-[^~J(?B7
_s*#:'zL=
0aHf21sZx
0Atfg<N='
6SS)LSrp3
F3zFYNhps
$YI9C!ru|
V-T&aG%oa
W7%0]Z)F<
`c#SXi=~c
[#L5a$z3f
OD*zQ27^e
0U*#9{1hF
Hs'1KY+B?
;8;W^r=_|
.sG]raZ)G
hNBYOybrB
1*k6B6(0A
uHFgq2C4K
}<mqO`Er>
1wdQdM5VI
GjXCA`{dO
(CD7a=E$m
J8foz>QLH
/3-/$Q/HC
#3b:FwZpN
Y.][n]_Jz
*wD*PNy|(
(kQ@^zVV;
gE6S}pf?<
HiDo6i6#i
lw!iIEW@%
F^8{jRH`u
5o@hfPOmX
-v/MNdT?}
(z%dm:N?W
T:XV+{KU}
{`(]!Ealp
LXv8B;qtw
:uLDYs6`<
Q[$'Dh-o9
%Jep?P~%7
$O^YS3lRW
&#>x}&u?L
EvgTl<Fyi
7X.tZJ~Tu
|Gu!$?$JL
DEAvf(|}<
wZO{8-/r:
5OP./i[`K
d6ZVRwl6S
o:X>SIry;
agYr+W>/c
QR^I4F=^p
ECEu:>EVf
DhF`*<M#x
S[0WSffm(
2}akV2#*K
%!vC?EVPX
Hm`>Gt$t/
2y?r~ukHd
2bGw>^@L~
;08tdC5Za
]U6:mWV/6
*Z)GN08]{
^s7]f'txP
a57d5$JU)
ohPT%2s(0
piP8P2|];
2xO'Z.;;p
r%&-FQ[r7
H|kwJ8a|:
EWobM7y^.
T3`:=$R*w
sl'@oK`JS
vJUb'/t$7
:fz9jgmv]
@YJ0SkC6w
=myAcFtp?
EV;_GCLj1
>N9KwTl{;
emT=i4j$l
y_2#<7wl^
tJ^KgOPjs
3m8.ba~}I
E1qXbqR11
4}'U1oXvE
+T)XAEFI_
H+o0jbWD*
pVDjFscfJ
czrkf{6F$
K~p)WIfoG
%0YW02C8S
O6_u}T_r2
fq6/i?D7d
Nc79<Y/$n
If[u'7Mg1
+eW8'^KN^
IQ<-W)j{W
6fHra<S@/
.3K~!1T[3
hYs^ed.VN
G%wK7I_9o
!O!*s{g$r
H2myGOC%*
9eSJYsIp.
gg:/*Ifx]
A%E-!g@e!
ljZ]WC%$C
MjxPbb7zH
OTZ'!t!{$
t2BZq~_qK
+[RJ6Gmec
_A2%k-g*!
r/=DM[Zpf
EQHFPr|/)
b7j$hJG~m
{$PVR1<A2
/XcKqFfnN
_^5|cP^u+
pD5Z&sFG)
LaaHfVu+i
Q9!$o-w5N
6;%=59T.}
ZJl(?PrUS
QON*u+~Zb
180*F2Xv<
(WY'@Lu2E
>4_Z~&P2m
zjq;V.IH7
OF'u^[?3'
EI!Q}AxKy
d]vvp=laW
2pgm1(]t5
EHh]Tdb>X
cZ>u9[Z=C
c]Dbs)_vD
ONw5b%^?@
sADzrolMU
)9r&u^:8M
;?3Dc'@fi
#ie(01!X[
?CqfgEtG)
89SaZWW;Y
Qg_H#I7-c
)txw<EVrp
|XEh>mELz
YcNT;fLFg
eF[J;NGh*
{x35~`%X]
{o4PDDqyf
L}K1+|Jj2
|h2=u8|4Q
e>KQ;75iq
zo5dTv_?q
}7VZQ]{u7
0>fxOO+lc
E#K|B:<>K
`m7y7_Wmb
#zvANm9*_
u<(%/_M*3
8sV:aj#9d
(PnJ7Iz6Z
)cn]vq)N+
<h@f>ybu.
jdL3)ia2=
68RlDnv++
l.e/vv7oG
8uu~TK(5H
fdP;1+K%:
]Xx^$E[}q
0ff]/8[WZ
EO->SR?SU
C5)W[E)eD
j^:eq!dgx
oO<v#Dz@M
M0Jpuq]eX
mSD=H5!|d
oc{P;Hm6>
#[d~tm?@R
Lj)t1x`eL
UI.=S!?^P
.=}r_#w_Z
jvXuI^hpw
Gcb#QEhHb
#YVv>-9'Q
TW;F{ClNf
<6At'9@O~
['7%hyIzD
ohghcm!QY
6J7:$(6{v
B:@r(JoZN
);u9bjhHo
]U+KdT}ok
A5_/pyT88
E3$q4>N5D
=q9An!RV+
Tp*W3^`0X
D:Yj$4~4U
d>1-:zaTc
]+FGd08n/
}eSx*`rUh
Di2RC)mpH
@[b=HCC>%
qSaG4@PJf
#%Ic9bi8W
ILJ)]V8[9
loKC%Mc7F
5QoXAY=3m
KUw$iW9WS
?-<DFFmGL
]Tb?Bv4C1
B3.kKA~2?
D^b7W7Y$3
`uW#)td0k
5^P)>1sOB
dm2!4z{$H
;T8mdzb`J
Q!{ES>&!D
jd5o^<~.8
>k3Nu5K2w
5~l$1s[]g
1tzf&D!Nj
{I%iEObv(
>SI<$L58^
6re84h-Qe
TB{gL0TgA
NS[BfEn+c
0u+s:y;e/
EL!y'Mox'
llDm8mqtr
|ESIVg+xk
Bw1l:SSKF
=ZKMc~Z5m
(cnKQXBy0
4(+sb:X>r
Af]I<eF_`
c`]lqB|`t
3G^^/m54K
.sb2w;~4(
*yhPdGULl
KLIpd;a%U
`ycpp'3zx
IZEK!4C{'
fHpC0i4q0
SN|t#:{ZX
N~-m/;gaK
[z+.d9~d7
%X]xb<|K_
*{Z3Go1j*
}%*&)<ug:
V^cgN){pE
vf`y3amg_
aQjY?H8[}
Vz#4O>bB8
~K-z;{)Vo
k|>{fIX)(
ckBd.Ey;v
:(?@ODv*.
!?[]g#7#I
m&L>Uqf3k
z;B!yRq@|
_G^]mp)lA
dWtNfU=r$
Q<~KN#cn5
sT1|12<]}
o@.iZI-X]
PbalqgyAt
|aH*pSLLt
O%~4XZ9aH
q-Jvmu7&(
K/(KM(/hA
@@B^shHwS
y|u$GfPmG
7CU#vRS5[
6~X7:(])e
2m{l4Kcje
9s^%m.)S~
IX&Ab1StL
OHV)%I1X&
Hs?k?{#m{
42@j+l2X*
PfJ_5lS2G
_EEA(T*|k
)+mQc4FRr
[#2''W@vp
Q}~7>o@(L
3?YQ*jyzN
&S?erE>|E
XDF`-c_pf
T.*]0)h1g
itObgC*31
|hVY'bP.h
UlS)|O_<'
=l|_i_wui
wDvJ^5)J4
/gl2(AI!h
$#>Y`-Yb`
q^+pn'=3q
*A^T`{R`=
i_&8eqEmQ
k!/C!wDKJ
5i&ob~Y.b
;*R~+v_W@
*]^7bQ='~
D^8FU'Ac/
BW1UASz5g
LJ~p'q$'$
sT@<=A)U9
@vATa[)xy
G*xHOXj%.
T$F4tRl!!
a6(BDuN%R
$7FTS_YQ6
|Z^jFoNeB
aHT`P2h]'
86'8qtaf_
e.W/}>Gk(
:k{<0'^sl
;6mfYiCqt
br@41@d+H
TSO`K)jRl
~o!w+*sYp
HFAHW*3`n
+JcT`SXjT
KM]cjZm<h
vRxA)S]ev
]X6He~ZA4
Hh0tzAO'g
Sfn-08&4B
_i^0[.0_l
}VwP4VLQY
>pRw+7&j~
zR!`6Q^'s
zhg[p['.&
++xIsgqDt
'g&vA<7P=
wvPzSZ=O1
aiW$yH-RO
pf>#*N3PJ
$Mze0d#S-
1w`<V6Qm8
0|/S[_%Mt
!/L!s!E{_
0;f3cNs!{
ZpGAQyQxk
Nj3vAKbT0
R*Rjy9xfv
Sxf3x-<}u
FO3L8/%dd
t#L~ckPce
)CUOUwtvJ
%U!>IDp2^
N/Ham:bM]
r.u*E_G*x
PZJG&$ArF
A;6S96Nl^
s0!5iT}>-
E+gDb|&_S
;]LoMN*f<
fm}k6TNm<
?f`UQ(Jh'
_8$zC=0^^
1GSLyI`(n
&Hm-]XCS|
POveFI?*T
=lQX'aAU-
Z{wJ4G65;
y]|?gR`%L
$EBocaC2!
4DZyg$ZCx
;!W0f7'u+
mv7jzJ_SW
!B$1WCb;A
gMpfT-:w|
x]T`VQv}p
3+4GO^?;u
K(T`;si4*
T.yD'3g`H
t}P{<=BA=
{Dc=laL1X
]76ioK`o^
A;5%1WrfX
IeC)N/]wm
5j~lZrzn.
b!+v{`PGt
9EG(ZCQQG
7u:(VVhI+
7.Z`m1n&L
!UvF8vqFy
/[eJ`CiuM
c>XzPr&5:
M`#AGBHK&
l'#RhYME|
%:HrWMwv0
az5Rd:{v_
lXXSk>wIg
O]qM4a=P1
C)u7Edk(3
meLUa=YS)
{m]*kd~n.
+M{|2Nk.c
Ey9vlAi2R
(+$od~F/Q
2fnu5O>(|
&E'^Ik33}
RrM'MurL{
d^w;J#}.M
3tI45(#XS
fs]m9@!de
Cz1*nFa:c
;iYJV'D79
[B!|Hwi3m
DJi%*vB6q
/`OdWE%rA
9l&K3&l:8
j(ts77`@U
`}S$np>3}
I/Q&6L.7$
<WGo$'b.K
DH2;*qu9~
j@f}~YM=#
Q3+6r@L2W
YrlJHqv)~
u(Iv^sE]c
=+M_XK83$
M_4.$RG!7
yps{R&#D8
rW5}}w5=Y
Jw3QF5/Ix
yr)~m_JZ_
Xw>jKNn#Q
jvreJ-zsj
>388LxW}R
uc>(=f>/&
>b>K8V[se
j%Ah60Qd-
vM?dWJ#@]
Psi#0TSe}
_O|d[BpHL
b(tk^i-C`
vp#kg4Z+7
9PRHxwF_n
3&RKu26NF
&@D&{~ef/
`O*XX^L|N
+Ft5yzxwG
Ku=#3Sr#@
APPVGt.u{
[*#PSK5J|
=O^;L&ndc
AggRtk=P)
sEZ9mnb!L
Kq_1KZn=@
Vt$;(ucGB
A?Mb5+2}W
za0^JsHPc
sqfxM9<kt
98lzLAgqO
do>TG;BTO
!?nE:4@cI
DOyF=M+Ai
Mn>X:j;l8
sQ6M{goe8
[A:lQyw<-
mcFSP<*})
|8[8rEWmw
i07>UwOnU
a+2%QnL6'
52/HG5n1S
tyz&53m1v
ki`^~8{wY
+kC6U|.(E
RS2g<YK|3
(dydV'P<U
X4K.coIVA
`!QAyYt+S
p:[!8}]dv
=d<%+AkVw
?B.>j4kw^
b(tGFjt@p
'8JdH0{Xm
AoC)pPr:R
4*0%;{blE
9oU](I94}
+t)k:?9j2
?L'!sdzj[
@m7un&`=+
tNCCiUIwN
+mpqty}P}
_[jCTVlr7
gQb7^q=N;
D*BPoM<+t
}M`$0z{Zy
?c(E*!fl3
HnU{Hl!1l
K0=3[<9{Y
D:#wK%ud~
~[qJdSwKt
'VDMnD]E@
''RWFb9~m
*`X<uZp%j
%)n0ha6w+
}m[FILD^n
t7Cn3-eN'
>S|2GTWR/
fUq-e[c4>
`qIfv+]|H
.DiBT[EKz
GIWg(*GGf
'lf2Po[6c
JJ=ewUUNw
cMi*/5RkI
([C>oplZ~
pw<$q@f~_
7aD{]%h2H
`Lw>*!hyH
o6$]d!VLd
u>yZTl`{v
;f4'J4@bZ
o>sU1KRXw
.`MrX8?*S
;ApVau`)q
qRf8#@1SM
6kCOeK#E(
gdvUU#TZ;
S(wdgdmpH
1IbSP;[Ah
4H]u+RO(P
/6k+zF#8}
-~KV~el.6
lx;F$H2-%
M2a(p;NXj
1@~zh95QJ
/K>_tH~T@
i0%74-tKF
kJ^`/No#r
>cmWo09x~
O8t'uFc!?
r~[)WDomh
]Z:oH?:I5
TIY3pZ[_K
PM*p9'ip5
A8<*;b#HX
ny}PARpZb
2w$H*KK(H
`8QjRG|2~
mlHoR7x|1
x!q&.jV;D
fgf^G-3m8
2y#+e4n{K
S4%X7O4p;
'JD1Jj;82
m{%RjrLjF
~dq't{Sx*
M$k?U13oQ
_Z<[vS_ig
=PJPNO<K+
sK3P4pEO:
2t@prv+n7
%bTcF`R=E
3o@}qULeT
btPVY7~CJ
t~-iDY&z6
yV7[whB}8
u?a.F39&^
v1?tYRBO2
_v-<sTr&z
7pkT_Ph{)
0@.ws'`2A
]5o}T4>u5
4z*LJS[p;
][$bgV`wP
?KYFm{<l$
Icv-sGoYc
CmPEe^R)[
|C2T:ss(8
Au{9c9`ow
BwGCjwF^j
`uG=]!fk#
Ftja['3dL
[L@&#<x2C
f4Ymw%#F5
PeXmP_.`c
h>G%]!}V/
KC'{4rIxK
DIWN[PS2?
nvXkf@re{
>F9Dt37aB
'>H/hk/^5
.@i^/BX7V
O-^DsGNUt
2(*l[*L;l
7RP?bhy-)
z<U8@(1RZ
X?ZgjO/JN
K^P:f5`_%
r{xprO:;>
{9<ovB0in
|^r6S&J^Y
V/v>^8#tt
NOlXcNJg[
oZNX'q]HT
;0_=VwQ[{
6d@iJc9ig
Gv^.]dw.d
>w7.t*[w`
bNLsyJl0B
^x%fVJ:YE
l_(Q[VKXq
M(nBy6_qS
y'3&--hNg
1NwZW;idU
Dx*e|pnyI
]$O{jNwsq
ZFS:QI=G7
uU{;e5P~X
7yN+3Vqiv
MFMd[Gw17
;^m[DNSwe
*uxAlISbK
raouRlmHR
l~ZNL1hT{
W6Y+hi['b
q=C{)NKqO
TA{z`p8vy
%CiH`ruyZ
Q1i|##}w~
Ex&nqMw%u
s)P>.<^~)
cMh0B_6Rw
F<-MY7RG6
yrk.w8lp3
>_HzRu+$!
WMd}AtOL:
!sq0Qp#@-
DoRKhFmmH
M8GK1`;dr
)En1w7wQ^
~`/[YSt%R
4Tt>oxayT
c1`Ta'N|q
zw*?>Yto2
=Odp^RBa)
u{Bib}TLg
}Y*^9D)S/
*wZg$.LuB
hm'Wq}`uP
nwWurh`Pl
c1/qKIqq[
EQbx0CDA<
g>+nFLoP5
OCEKYb`eH
nl$W+3T@k
c}:31p27%
Y}G.|t:t<
/`EUs.k7p
Sqr:6{lTA
j5F3fHrav
Xopm*i]9K
Ond+%92q_
y9*SMB(w0
JM{Z5'+e8
x@P)NB59&
+|WV9vI_{
x3)#iqpk5
0=M6:QxnP
$7u@qb]hm
j<%i?vf~Y
I(oA#-p^U
4#9Auz&r2
2fX29;(vQ
)(d3(~k_L
SZ6'{8qm*
=H0MsusTV
(-)ptUnh<
0C=o?n&z}
:HIZ*O8Q'
&GG~gCh5b
W'Z)@gqJY
Qyh{;>_J9
NUZ#a[/#x
Yi1nuLgd]
bi^tP?dlO
)IsFEs|2J
aj}Z1ko`u
+9?U(a)^7
=Sj]Q:KfI
Ifz;&aE~Z
1~.s'-0'-
Xc976$fqY
n0DIQ2~CE
NCU_;B5xD
H4JxKvvo|
Rv=D'/pmY
IHD}V`]FY
-4]q1^jU4
5/wsP4Oex
w_a6Cv1%B
D^t<u({<#
<~NSDZ]p=
Bm{;IB![>
JVz9(dxr1
A|_Wi|?sB
}.hbXLy6d
*x#@nxdff
'qLe$)4PJ
zc/R;6j^`
Dei{NYyc[
}pt$1rMwb
J6}.21vz#
%<PS!JNw!
<w$0Bng0/
MHU_RrBS!
stpJBsq&0
h7/.K=zw]
y%$HA2u@n
)5neR!Q$x
ce}zRz(=^
C:6Zr8(+;
?#vH;?d:Q
~~?jmj9GC
zHh@obWd@
%68&O!*`;
76=sWtD&/
z3zcH{x1q
g{tplzR9$
kP}v4L7:o
ScJ#231KU
hG<IMC(Z'
C_N/4p{)=
p/J='0PP0
;ZZa@dgNp
kL0=Xahwp
~)GP3sOq!
?-:[p#)ZA
fW!<=}(CN
2OxE}z<'k
wacva4jEl
q~u6Wf*XM
&_T8[wD2Z
SAIrz$;vR
!H:oZXg^u
qctPAS)`V
/]?g%@H)c
}}(&[90Wr
qpo2ijtF~
K}'F.O%r8
;JhS%nk$]
LttL4<oG%
|ZE!*4:RU
$HdJ|5~C+
b#R(+u%VQ
G66L]$NW#
&W6ZG-&Wl
~[?xP4pA=
E}<S&p!+w
M0jXh[)]_
?SQ^p/I1Z
}oSdDHw/G
ax~B/.cP+
XREb12z4%
%Y)-O>Q=+
^N/lq9u/?
;X;F`>g8{
b)J@iK6^p
)*plujs{2
I5cO`(-)N
bWOp/`2Na
'Ga1FbNzr
t9WBIx[#F
WfI.]H~}P
D4l=~~JC8
*nxN:_h^n
^}sew=_Te
jdaQGwcb+
EOvKc_1A}
zg.y]E7|r
<`*h48>S6
